--------------------------------------------------------
--  파일이 생성됨 - 수요일-8월-21-2024   
--------------------------------------------------------
--------------------------------------------------------
--  DDL for Table CART
--------------------------------------------------------

  CREATE TABLE "SYSTEM"."CART" 
   (	"CART_ID" VARCHAR2(50 BYTE), 
	"USER_ID" VARCHAR2(50 BYTE), 
	"CREATED_AT" TIMESTAMP (6), 
	"UPDATED_AT" TIMESTAMP (6)
   ) PCTFREE 10 PCTUSED 40 INITRANS 1 MAXTRANS 255 
 NOCOMPRESS LOGGING
  STORAGE(INITIAL 65536 NEXT 1048576 MINEXTENTS 1 MAXEXTENTS 2147483645
  PCTINCREASE 0 FREELISTS 1 FREELIST GROUPS 1
  BUFFER_POOL DEFAULT FLASH_CACHE DEFAULT CELL_FLASH_CACHE DEFAULT)
  TABLESPACE "SYSTEM" ;
--------------------------------------------------------
--  DDL for Table CART_ITEMS
--------------------------------------------------------

  CREATE TABLE "SYSTEM"."CART_ITEMS" 
   (	"CART_ITEM_ID" VARCHAR2(50 BYTE), 
	"CART_ID" VARCHAR2(50 BYTE), 
	"ITEM_ID" VARCHAR2(50 BYTE), 
	"QUANTITY" NUMBER(*,0), 
	"PRICE" NUMBER(10,2)
   ) PCTFREE 10 PCTUSED 40 INITRANS 1 MAXTRANS 255 
 NOCOMPRESS LOGGING
  STORAGE(INITIAL 65536 NEXT 1048576 MINEXTENTS 1 MAXEXTENTS 2147483645
  PCTINCREASE 0 FREELISTS 1 FREELIST GROUPS 1
  BUFFER_POOL DEFAULT FLASH_CACHE DEFAULT CELL_FLASH_CACHE DEFAULT)
  TABLESPACE "SYSTEM" ;
--------------------------------------------------------
--  DDL for Table INQUIRIES
--------------------------------------------------------

  CREATE TABLE "SYSTEM"."INQUIRIES" 
   (	"INQUIRY_ID" VARCHAR2(50 BYTE), 
	"USER_ID" VARCHAR2(50 BYTE), 
	"NAME" VARCHAR2(100 BYTE), 
	"EMAIL" VARCHAR2(200 BYTE), 
	"PHONE_NUMBER" VARCHAR2(20 BYTE), 
	"MESSAGE" VARCHAR2(300 BYTE), 
	"CREATED_AT" TIMESTAMP (6)
   ) PCTFREE 10 PCTUSED 40 INITRANS 1 MAXTRANS 255 
 NOCOMPRESS LOGGING
  STORAGE(INITIAL 65536 NEXT 1048576 MINEXTENTS 1 MAXEXTENTS 2147483645
  PCTINCREASE 0 FREELISTS 1 FREELIST GROUPS 1
  BUFFER_POOL DEFAULT FLASH_CACHE DEFAULT CELL_FLASH_CACHE DEFAULT)
  TABLESPACE "SYSTEM" ;
--------------------------------------------------------
--  DDL for Table MENU_ITEMS
--------------------------------------------------------

  CREATE TABLE "SYSTEM"."MENU_ITEMS" 
   (	"ITEM_ID" VARCHAR2(20 BYTE), 
	"NAME" VARCHAR2(50 BYTE), 
	"DESCRIPTION" VARCHAR2(255 BYTE), 
	"PRICE" NUMBER(25,2), 
	"CATEGORY" VARCHAR2(100 BYTE), 
	"IMAGE_URL" VARCHAR2(255 BYTE), 
	"CREATED_AT" TIMESTAMP (6), 
	"UPDATED_AT" TIMESTAMP (6)
   ) PCTFREE 10 PCTUSED 40 INITRANS 1 MAXTRANS 255 
 NOCOMPRESS LOGGING
  STORAGE(INITIAL 65536 NEXT 1048576 MINEXTENTS 1 MAXEXTENTS 2147483645
  PCTINCREASE 0 FREELISTS 1 FREELIST GROUPS 1
  BUFFER_POOL DEFAULT FLASH_CACHE DEFAULT CELL_FLASH_CACHE DEFAULT)
  TABLESPACE "SYSTEM" ;
--------------------------------------------------------
--  DDL for Table ORDER_ITEMS
--------------------------------------------------------

  CREATE TABLE "SYSTEM"."ORDER_ITEMS" 
   (	"ORDER_ITEM_ID" VARCHAR2(50 BYTE), 
	"ORDER_ID" VARCHAR2(50 BYTE), 
	"ITEM_ID" VARCHAR2(50 BYTE), 
	"QUANTITY" NUMBER(38,0), 
	"PRICE" NUMBER(10,2)
   ) PCTFREE 10 PCTUSED 40 INITRANS 1 MAXTRANS 255 
 NOCOMPRESS LOGGING
  STORAGE(INITIAL 65536 NEXT 1048576 MINEXTENTS 1 MAXEXTENTS 2147483645
  PCTINCREASE 0 FREELISTS 1 FREELIST GROUPS 1
  BUFFER_POOL DEFAULT FLASH_CACHE DEFAULT CELL_FLASH_CACHE DEFAULT)
  TABLESPACE "SYSTEM" ;
--------------------------------------------------------
--  DDL for Table ORDERS
--------------------------------------------------------

  CREATE TABLE "SYSTEM"."ORDERS" 
   (	"ORDER_ID" VARCHAR2(50 BYTE), 
	"USER_ID" VARCHAR2(50 BYTE), 
	"ORDER_TIME" TIMESTAMP (6), 
	"TOTAL_AMOUNT" NUMBER(10,2), 
	"STATUS" VARCHAR2(20 BYTE), 
	"DELIVERY_TYPE" VARCHAR2(20 BYTE), 
	"CREATED_AT" TIMESTAMP (6), 
	"UPDATED_AT" TIMESTAMP (6)
   ) PCTFREE 10 PCTUSED 40 INITRANS 1 MAXTRANS 255 
 NOCOMPRESS LOGGING
  STORAGE(INITIAL 65536 NEXT 1048576 MINEXTENTS 1 MAXEXTENTS 2147483645
  PCTINCREASE 0 FREELISTS 1 FREELIST GROUPS 1
  BUFFER_POOL DEFAULT FLASH_CACHE DEFAULT CELL_FLASH_CACHE DEFAULT)
  TABLESPACE "SYSTEM" ;
--------------------------------------------------------
--  DDL for Table RESERVATIONS
--------------------------------------------------------

  CREATE TABLE "SYSTEM"."RESERVATIONS" 
   (	"RESERVATION_ID" VARCHAR2(50 BYTE), 
	"USER_ID" VARCHAR2(50 BYTE), 
	"RESERVATION_TIME" TIMESTAMP (6), 
	"PARTY_SIZE" NUMBER(*,0), 
	"STATUS" VARCHAR2(20 BYTE), 
	"CREATED_AT" TIMESTAMP (6), 
	"UPDATED_AT" TIMESTAMP (6)
   ) PCTFREE 10 PCTUSED 40 INITRANS 1 MAXTRANS 255 
 NOCOMPRESS LOGGING
  STORAGE(INITIAL 65536 NEXT 1048576 MINEXTENTS 1 MAXEXTENTS 2147483645
  PCTINCREASE 0 FREELISTS 1 FREELIST GROUPS 1
  BUFFER_POOL DEFAULT FLASH_CACHE DEFAULT CELL_FLASH_CACHE DEFAULT)
  TABLESPACE "SYSTEM" ;
--------------------------------------------------------
--  DDL for Table USERS
--------------------------------------------------------

  CREATE TABLE "SYSTEM"."USERS" 
   (	"USER_ID" VARCHAR2(50 BYTE), 
	"USERNAME" VARCHAR2(50 BYTE), 
	"PASSWORD" VARCHAR2(255 BYTE), 
	"EMAIL" VARCHAR2(100 BYTE), 
	"PHONE_NUMBER" VARCHAR2(20 BYTE), 
	"ADDRESS" VARCHAR2(200 BYTE), 
	"CREATED_AT" TIMESTAMP (6), 
	"UPDATED_AT" TIMESTAMP (6), 
	"GENDER" CHAR(1 BYTE), 
	"ADDRESSDETAIL" VARCHAR2(200 BYTE), 
	"ROLE" VARCHAR2(20 BYTE) DEFAULT USER
   ) PCTFREE 10 PCTUSED 40 INITRANS 1 MAXTRANS 255 
 NOCOMPRESS LOGGING
  STORAGE(INITIAL 65536 NEXT 1048576 MINEXTENTS 1 MAXEXTENTS 2147483645
  PCTINCREASE 0 FREELISTS 1 FREELIST GROUPS 1
  BUFFER_POOL DEFAULT FLASH_CACHE DEFAULT CELL_FLASH_CACHE DEFAULT)
  TABLESPACE "SYSTEM" ;
REM INSERTING into SYSTEM.CART
SET DEFINE OFF;
Insert into SYSTEM.CART (CART_ID,USER_ID,CREATED_AT,UPDATED_AT) values ('CART001','user1',to_timestamp('23/08/01 10:00:00.000000000','RR/MM/DD HH24:MI:SSXFF'),to_timestamp('23/08/01 10:15:00.000000000','RR/MM/DD HH24:MI:SSXFF'));
Insert into SYSTEM.CART (CART_ID,USER_ID,CREATED_AT,UPDATED_AT) values ('CART002','user2',to_timestamp('23/08/02 11:00:00.000000000','RR/MM/DD HH24:MI:SSXFF'),to_timestamp('23/08/02 11:20:00.000000000','RR/MM/DD HH24:MI:SSXFF'));
Insert into SYSTEM.CART (CART_ID,USER_ID,CREATED_AT,UPDATED_AT) values ('CART003','user1',to_timestamp('23/08/03 12:00:00.000000000','RR/MM/DD HH24:MI:SSXFF'),to_timestamp('23/08/03 12:30:00.000000000','RR/MM/DD HH24:MI:SSXFF'));
Insert into SYSTEM.CART (CART_ID,USER_ID,CREATED_AT,UPDATED_AT) values ('CART004','user3',to_timestamp('23/08/04 13:00:00.000000000','RR/MM/DD HH24:MI:SSXFF'),to_timestamp('23/08/04 13:10:00.000000000','RR/MM/DD HH24:MI:SSXFF'));
Insert into SYSTEM.CART (CART_ID,USER_ID,CREATED_AT,UPDATED_AT) values ('CART005','user4',to_timestamp('23/08/05 14:00:00.000000000','RR/MM/DD HH24:MI:SSXFF'),to_timestamp('23/08/05 14:05:00.000000000','RR/MM/DD HH24:MI:SSXFF'));
REM INSERTING into SYSTEM.CART_ITEMS
SET DEFINE OFF;
Insert into SYSTEM.CART_ITEMS (CART_ITEM_ID,CART_ID,ITEM_ID,QUANTITY,PRICE) values ('CI001','CART001','I001',2,19.99);
Insert into SYSTEM.CART_ITEMS (CART_ITEM_ID,CART_ID,ITEM_ID,QUANTITY,PRICE) values ('CI002','CART001','I002',1,9.99);
Insert into SYSTEM.CART_ITEMS (CART_ITEM_ID,CART_ID,ITEM_ID,QUANTITY,PRICE) values ('CI003','CART002','I003',5,29.99);
Insert into SYSTEM.CART_ITEMS (CART_ITEM_ID,CART_ID,ITEM_ID,QUANTITY,PRICE) values ('CI004','CART003','I004',3,14.49);
Insert into SYSTEM.CART_ITEMS (CART_ITEM_ID,CART_ID,ITEM_ID,QUANTITY,PRICE) values ('CI005','CART001','I005',1,49.99);
Insert into SYSTEM.CART_ITEMS (CART_ITEM_ID,CART_ID,ITEM_ID,QUANTITY,PRICE) values ('CI006','CART002','I006',4,24.99);
REM INSERTING into SYSTEM.INQUIRIES
SET DEFINE OFF;
Insert into SYSTEM.INQUIRIES (INQUIRY_ID,USER_ID,NAME,EMAIL,PHONE_NUMBER,MESSAGE,CREATED_AT) values ('2','user2','김철수','cheolsu.kim@example.com','010-2345-6789','다른 문제에 대한 문의입니다.',to_timestamp('24/08/02 14:23:00.000000000','RR/MM/DD HH24:MI:SSXFF'));
Insert into SYSTEM.INQUIRIES (INQUIRY_ID,USER_ID,NAME,EMAIL,PHONE_NUMBER,MESSAGE,CREATED_AT) values ('1','user1','이지은','ji.eun@example.com','010-1234-5678','문의 사항에 대한 내용입니다.',to_timestamp('24/08/01 12:00:00.000000000','RR/MM/DD HH24:MI:SSXFF'));
Insert into SYSTEM.INQUIRIES (INQUIRY_ID,USER_ID,NAME,EMAIL,PHONE_NUMBER,MESSAGE,CREATED_AT) values ('3','user3','박영희','younghee.park@example.com','010-3456-7890','상품에 대한 질문이 있습니다.',to_timestamp('24/08/03 09:45:00.000000000','RR/MM/DD HH24:MI:SSXFF'));
Insert into SYSTEM.INQUIRIES (INQUIRY_ID,USER_ID,NAME,EMAIL,PHONE_NUMBER,MESSAGE,CREATED_AT) values ('4','user4','정민수','minsu.jeong@example.com','010-4567-8901','서비스에 대한 문의를 드립니다.',to_timestamp('24/08/04 16:30:00.000000000','RR/MM/DD HH24:MI:SSXFF'));
Insert into SYSTEM.INQUIRIES (INQUIRY_ID,USER_ID,NAME,EMAIL,PHONE_NUMBER,MESSAGE,CREATED_AT) values ('5','user5','최지훈','jihoon.choi@example.com','010-5678-9012','기타 문제에 대한 요청사항입니다.',to_timestamp('24/08/05 11:15:00.000000000','RR/MM/DD HH24:MI:SSXFF'));
Insert into SYSTEM.INQUIRIES (INQUIRY_ID,USER_ID,NAME,EMAIL,PHONE_NUMBER,MESSAGE,CREATED_AT) values ('6','user6','김수정','sujeong.kim@example.com','010-6789-0123','해결이 필요한 사항에 대해 문의합니다.',to_timestamp('24/08/06 18:00:00.000000000','RR/MM/DD HH24:MI:SSXFF'));
Insert into SYSTEM.INQUIRIES (INQUIRY_ID,USER_ID,NAME,EMAIL,PHONE_NUMBER,MESSAGE,CREATED_AT) values ('7','user7','이민호','minho.lee@example.com','010-7890-1234','제품의 사용 방법에 대해 묻고 싶습니다.',to_timestamp('24/08/07 07:30:00.000000000','RR/MM/DD HH24:MI:SSXFF'));
Insert into SYSTEM.INQUIRIES (INQUIRY_ID,USER_ID,NAME,EMAIL,PHONE_NUMBER,MESSAGE,CREATED_AT) values ('8','user8','장서연','seoyeon.jang@example.com','010-8901-2345','서비스 이용에 관한 질문이 있습니다.',to_timestamp('24/08/08 15:20:00.000000000','RR/MM/DD HH24:MI:SSXFF'));
Insert into SYSTEM.INQUIRIES (INQUIRY_ID,USER_ID,NAME,EMAIL,PHONE_NUMBER,MESSAGE,CREATED_AT) values ('9','user9','황정민','jeongmin.hwang@example.com','010-9012-3456','문의 사항이 있으니 확인 부탁드립니다.',to_timestamp('24/08/09 12:05:00.000000000','RR/MM/DD HH24:MI:SSXFF'));
Insert into SYSTEM.INQUIRIES (INQUIRY_ID,USER_ID,NAME,EMAIL,PHONE_NUMBER,MESSAGE,CREATED_AT) values ('10','user10','오민재','minjae.oh@example.com','010-0123-4567','관련 정보를 알고 싶습니다.',to_timestamp('24/08/10 08:50:00.000000000','RR/MM/DD HH24:MI:SSXFF'));
Insert into SYSTEM.INQUIRIES (INQUIRY_ID,USER_ID,NAME,EMAIL,PHONE_NUMBER,MESSAGE,CREATED_AT) values ('11','123123','익명','anonymous@example.com','123123','테스트 용 문의 내용입니다.',to_timestamp('24/08/13 06:55:01.000000000','RR/MM/DD HH24:MI:SSXFF'));
Insert into SYSTEM.INQUIRIES (INQUIRY_ID,USER_ID,NAME,EMAIL,PHONE_NUMBER,MESSAGE,CREATED_AT) values ('12','12312312','익명','anonymous2@example.com','123123','추가 테스트 문의 내용입니다.',to_timestamp('24/08/19 02:42:33.000000000','RR/MM/DD HH24:MI:SSXFF'));
REM INSERTING into SYSTEM.MENU_ITEMS
SET DEFINE OFF;
Insert into SYSTEM.MENU_ITEMS (ITEM_ID,NAME,DESCRIPTION,PRICE,CATEGORY,IMAGE_URL,CREATED_AT,UPDATED_AT) values ('I002','뉴욕 스테이크','두툼한 뉴욕 스타일 스테이크',25.99,'스테이크','../MiniProject/images/뉴욕스테이크.jpg',to_timestamp('24/08/02 14:30:00.000000000','RR/MM/DD HH24:MI:SSXFF'),to_timestamp('24/08/02 14:30:00.000000000','RR/MM/DD HH24:MI:SSXFF'));
Insert into SYSTEM.MENU_ITEMS (ITEM_ID,NAME,DESCRIPTION,PRICE,CATEGORY,IMAGE_URL,CREATED_AT,UPDATED_AT) values ('I007','진 레드 와인','풍부한 맛의 진 레드 와인',22.99,'음료','../MiniProject/images/진레드와인.jpg',to_timestamp('24/08/07 18:30:00.000000000','RR/MM/DD HH24:MI:SSXFF'),to_timestamp('24/08/07 18:30:00.000000000','RR/MM/DD HH24:MI:SSXFF'));
Insert into SYSTEM.MENU_ITEMS (ITEM_ID,NAME,DESCRIPTION,PRICE,CATEGORY,IMAGE_URL,CREATED_AT,UPDATED_AT) values ('I010','페퍼로니 피자','매콤한 페퍼로니가 올려진 피자',13.99,'피자','../MiniProject/images/페퍼로니.jpg',to_timestamp('24/08/10 14:15:00.000000000','RR/MM/DD HH24:MI:SSXFF'),to_timestamp('24/08/10 14:15:00.000000000','RR/MM/DD HH24:MI:SSXFF'));
Insert into SYSTEM.MENU_ITEMS (ITEM_ID,NAME,DESCRIPTION,PRICE,CATEGORY,IMAGE_URL,CREATED_AT,UPDATED_AT) values ('I001','감베리 오일 파스타','해산물과 오일이 가득한 파스타',15.99,'파스타','../MiniProject/images/감베리오일파스타.jpg',to_timestamp('24/08/01 12:00:00.000000000','RR/MM/DD HH24:MI:SSXFF'),to_timestamp('24/08/01 12:00:00.000000000','RR/MM/DD HH24:MI:SSXFF'));
Insert into SYSTEM.MENU_ITEMS (ITEM_ID,NAME,DESCRIPTION,PRICE,CATEGORY,IMAGE_URL,CREATED_AT,UPDATED_AT) values ('I003','마르게리타 피자','신선한 토마토와 모짜렐라 치즈 피자',12.49,'피자','../MiniProject/images/마르게리타피자.jpg',to_timestamp('24/08/03 17:15:00.000000000','RR/MM/DD HH24:MI:SSXFF'),to_timestamp('24/08/03 17:15:00.000000000','RR/MM/DD HH24:MI:SSXFF'));
Insert into SYSTEM.MENU_ITEMS (ITEM_ID,NAME,DESCRIPTION,PRICE,CATEGORY,IMAGE_URL,CREATED_AT,UPDATED_AT) values ('I004','샘 스테이크 피자','스테이크와 다양한 토핑의 피자',14.99,'피자','../MiniProject/images/샘스테이크피자.jpg',to_timestamp('24/08/04 13:45:00.000000000','RR/MM/DD HH24:MI:SSXFF'),to_timestamp('24/08/04 13:45:00.000000000','RR/MM/DD HH24:MI:SSXFF'));
Insert into SYSTEM.MENU_ITEMS (ITEM_ID,NAME,DESCRIPTION,PRICE,CATEGORY,IMAGE_URL,CREATED_AT,UPDATED_AT) values ('I005','쉬림프 토마토 파스타','새우와 토마토 소스의 파스타',16.99,'파스타','../MiniProject/images/쉬림프토마토파스타.jpg',to_timestamp('24/08/05 11:00:00.000000000','RR/MM/DD HH24:MI:SSXFF'),to_timestamp('24/08/05 11:00:00.000000000','RR/MM/DD HH24:MI:SSXFF'));
Insert into SYSTEM.MENU_ITEMS (ITEM_ID,NAME,DESCRIPTION,PRICE,CATEGORY,IMAGE_URL,CREATED_AT,UPDATED_AT) values ('I006','연어 리스 셀러드','연어와 신선한 채소가 가득한 샐러드',13.49,'샐러드','../MiniProject/images/연어리스셀러드.jpg',to_timestamp('24/08/06 16:00:00.000000000','RR/MM/DD HH24:MI:SSXFF'),to_timestamp('24/08/06 16:00:00.000000000','RR/MM/DD HH24:MI:SSXFF'));
Insert into SYSTEM.MENU_ITEMS (ITEM_ID,NAME,DESCRIPTION,PRICE,CATEGORY,IMAGE_URL,CREATED_AT,UPDATED_AT) values ('I008','치즈 크레이프 샌드 피자','치즈와 다양한 재료가 가득한 피자',17.99,'피자','../MiniProject/images/치즈크레이프샌드피자.jpg',to_timestamp('24/08/08 12:30:00.000000000','RR/MM/DD HH24:MI:SSXFF'),to_timestamp('24/08/08 12:30:00.000000000','RR/MM/DD HH24:MI:SSXFF'));
Insert into SYSTEM.MENU_ITEMS (ITEM_ID,NAME,DESCRIPTION,PRICE,CATEGORY,IMAGE_URL,CREATED_AT,UPDATED_AT) values ('I009','콰트로 치즈 피자','4종의 치즈가 들어간 피자',18.49,'피자','../MiniProject/images/콰트로치즈피자.jpg',to_timestamp('24/08/09 10:00:00.000000000','RR/MM/DD HH24:MI:SSXFF'),to_timestamp('24/08/09 10:00:00.000000000','RR/MM/DD HH24:MI:SSXFF'));
REM INSERTING into SYSTEM.ORDER_ITEMS
SET DEFINE OFF;
Insert into SYSTEM.ORDER_ITEMS (ORDER_ITEM_ID,ORDER_ID,ITEM_ID,QUANTITY,PRICE) values ('O001','ORDER001','I001',2,31.98);
Insert into SYSTEM.ORDER_ITEMS (ORDER_ITEM_ID,ORDER_ID,ITEM_ID,QUANTITY,PRICE) values ('O002','ORDER001','I005',1,16.99);
Insert into SYSTEM.ORDER_ITEMS (ORDER_ITEM_ID,ORDER_ID,ITEM_ID,QUANTITY,PRICE) values ('O003','ORDER002','I003',3,37.47);
Insert into SYSTEM.ORDER_ITEMS (ORDER_ITEM_ID,ORDER_ID,ITEM_ID,QUANTITY,PRICE) values ('O004','ORDER003','I004',1,14.99);
Insert into SYSTEM.ORDER_ITEMS (ORDER_ITEM_ID,ORDER_ID,ITEM_ID,QUANTITY,PRICE) values ('O005','ORDER003','I007',1,22.99);
Insert into SYSTEM.ORDER_ITEMS (ORDER_ITEM_ID,ORDER_ID,ITEM_ID,QUANTITY,PRICE) values ('O006','ORDER004','I002',2,51.98);
Insert into SYSTEM.ORDER_ITEMS (ORDER_ITEM_ID,ORDER_ID,ITEM_ID,QUANTITY,PRICE) values ('O007','ORDER004','I006',1,13.49);
Insert into SYSTEM.ORDER_ITEMS (ORDER_ITEM_ID,ORDER_ID,ITEM_ID,QUANTITY,PRICE) values ('O008','ORDER005','I008',1,17.99);
Insert into SYSTEM.ORDER_ITEMS (ORDER_ITEM_ID,ORDER_ID,ITEM_ID,QUANTITY,PRICE) values ('O009','ORDER005','I009',2,36.98);
Insert into SYSTEM.ORDER_ITEMS (ORDER_ITEM_ID,ORDER_ID,ITEM_ID,QUANTITY,PRICE) values ('O010','ORDER006','I010',1,13.99);
REM INSERTING into SYSTEM.ORDERS
SET DEFINE OFF;
Insert into SYSTEM.ORDERS (ORDER_ID,USER_ID,ORDER_TIME,TOTAL_AMOUNT,STATUS,DELIVERY_TYPE,CREATED_AT,UPDATED_AT) values ('ORD001','user1',to_timestamp('24/08/01 12:00:00.000000000','RR/MM/DD HH24:MI:SSXFF'),59.99,'Delivered','Home Delivery',to_timestamp('24/08/01 12:00:00.000000000','RR/MM/DD HH24:MI:SSXFF'),to_timestamp('24/08/01 12:00:00.000000000','RR/MM/DD HH24:MI:SSXFF'));
Insert into SYSTEM.ORDERS (ORDER_ID,USER_ID,ORDER_TIME,TOTAL_AMOUNT,STATUS,DELIVERY_TYPE,CREATED_AT,UPDATED_AT) values ('ORD002','user2',to_timestamp('24/08/02 14:23:00.000000000','RR/MM/DD HH24:MI:SSXFF'),89.5,'Processing','Pick Up',to_timestamp('24/08/02 14:23:00.000000000','RR/MM/DD HH24:MI:SSXFF'),to_timestamp('24/08/02 14:23:00.000000000','RR/MM/DD HH24:MI:SSXFF'));
Insert into SYSTEM.ORDERS (ORDER_ID,USER_ID,ORDER_TIME,TOTAL_AMOUNT,STATUS,DELIVERY_TYPE,CREATED_AT,UPDATED_AT) values ('ORD003','user3',to_timestamp('24/08/03 09:45:00.000000000','RR/MM/DD HH24:MI:SSXFF'),120.75,'Shipped','Home Delivery',to_timestamp('24/08/03 09:45:00.000000000','RR/MM/DD HH24:MI:SSXFF'),to_timestamp('24/08/03 09:45:00.000000000','RR/MM/DD HH24:MI:SSXFF'));
Insert into SYSTEM.ORDERS (ORDER_ID,USER_ID,ORDER_TIME,TOTAL_AMOUNT,STATUS,DELIVERY_TYPE,CREATED_AT,UPDATED_AT) values ('ORD004','user4',to_timestamp('24/08/04 16:30:00.000000000','RR/MM/DD HH24:MI:SSXFF'),45,'Delivered','Pick Up',to_timestamp('24/08/04 16:30:00.000000000','RR/MM/DD HH24:MI:SSXFF'),to_timestamp('24/08/04 16:30:00.000000000','RR/MM/DD HH24:MI:SSXFF'));
Insert into SYSTEM.ORDERS (ORDER_ID,USER_ID,ORDER_TIME,TOTAL_AMOUNT,STATUS,DELIVERY_TYPE,CREATED_AT,UPDATED_AT) values ('ORD005','user5',to_timestamp('24/08/05 11:15:00.000000000','RR/MM/DD HH24:MI:SSXFF'),76.2,'Canceled','Home Delivery',to_timestamp('24/08/05 11:15:00.000000000','RR/MM/DD HH24:MI:SSXFF'),to_timestamp('24/08/05 11:15:00.000000000','RR/MM/DD HH24:MI:SSXFF'));
Insert into SYSTEM.ORDERS (ORDER_ID,USER_ID,ORDER_TIME,TOTAL_AMOUNT,STATUS,DELIVERY_TYPE,CREATED_AT,UPDATED_AT) values ('ORD006','user6',to_timestamp('24/08/06 18:00:00.000000000','RR/MM/DD HH24:MI:SSXFF'),99.99,'Delivered','Home Delivery',to_timestamp('24/08/06 18:00:00.000000000','RR/MM/DD HH24:MI:SSXFF'),to_timestamp('24/08/06 18:00:00.000000000','RR/MM/DD HH24:MI:SSXFF'));
Insert into SYSTEM.ORDERS (ORDER_ID,USER_ID,ORDER_TIME,TOTAL_AMOUNT,STATUS,DELIVERY_TYPE,CREATED_AT,UPDATED_AT) values ('ORD007','user7',to_timestamp('24/08/07 07:30:00.000000000','RR/MM/DD HH24:MI:SSXFF'),65.4,'Processing','Pick Up',to_timestamp('24/08/07 07:30:00.000000000','RR/MM/DD HH24:MI:SSXFF'),to_timestamp('24/08/07 07:30:00.000000000','RR/MM/DD HH24:MI:SSXFF'));
Insert into SYSTEM.ORDERS (ORDER_ID,USER_ID,ORDER_TIME,TOTAL_AMOUNT,STATUS,DELIVERY_TYPE,CREATED_AT,UPDATED_AT) values ('ORD008','user8',to_timestamp('24/08/08 15:20:00.000000000','RR/MM/DD HH24:MI:SSXFF'),88.8,'Shipped','Home Delivery',to_timestamp('24/08/08 15:20:00.000000000','RR/MM/DD HH24:MI:SSXFF'),to_timestamp('24/08/08 15:20:00.000000000','RR/MM/DD HH24:MI:SSXFF'));
Insert into SYSTEM.ORDERS (ORDER_ID,USER_ID,ORDER_TIME,TOTAL_AMOUNT,STATUS,DELIVERY_TYPE,CREATED_AT,UPDATED_AT) values ('ORD010','user10',to_timestamp('24/08/10 08:50:00.000000000','RR/MM/DD HH24:MI:SSXFF'),110.25,'Processing','Home Delivery',to_timestamp('24/08/10 08:50:00.000000000','RR/MM/DD HH24:MI:SSXFF'),to_timestamp('24/08/10 08:50:00.000000000','RR/MM/DD HH24:MI:SSXFF'));
Insert into SYSTEM.ORDERS (ORDER_ID,USER_ID,ORDER_TIME,TOTAL_AMOUNT,STATUS,DELIVERY_TYPE,CREATED_AT,UPDATED_AT) values ('ORD009','user9',to_timestamp('24/08/09 12:05:00.000000000','RR/MM/DD HH24:MI:SSXFF'),50,'Delivered','Pick Up',to_timestamp('24/08/09 12:05:00.000000000','RR/MM/DD HH24:MI:SSXFF'),to_timestamp('24/08/09 12:05:00.000000000','RR/MM/DD HH24:MI:SSXFF'));
REM INSERTING into SYSTEM.RESERVATIONS
SET DEFINE OFF;
Insert into SYSTEM.RESERVATIONS (RESERVATION_ID,USER_ID,RESERVATION_TIME,PARTY_SIZE,STATUS,CREATED_AT,UPDATED_AT) values ('RES001','user1',to_timestamp('24/08/01 19:00:00.000000000','RR/MM/DD HH24:MI:SSXFF'),4,'Confirmed',to_timestamp('24/08/01 10:00:00.000000000','RR/MM/DD HH24:MI:SSXFF'),to_timestamp('24/08/01 10:00:00.000000000','RR/MM/DD HH24:MI:SSXFF'));
Insert into SYSTEM.RESERVATIONS (RESERVATION_ID,USER_ID,RESERVATION_TIME,PARTY_SIZE,STATUS,CREATED_AT,UPDATED_AT) values ('RES002','user2',to_timestamp('24/08/02 20:30:00.000000000','RR/MM/DD HH24:MI:SSXFF'),2,'Pending',to_timestamp('24/08/02 12:00:00.000000000','RR/MM/DD HH24:MI:SSXFF'),to_timestamp('24/08/02 12:00:00.000000000','RR/MM/DD HH24:MI:SSXFF'));
Insert into SYSTEM.RESERVATIONS (RESERVATION_ID,USER_ID,RESERVATION_TIME,PARTY_SIZE,STATUS,CREATED_AT,UPDATED_AT) values ('RES003','user3',to_timestamp('24/08/03 18:45:00.000000000','RR/MM/DD HH24:MI:SSXFF'),6,'Cancelled',to_timestamp('24/08/03 09:00:00.000000000','RR/MM/DD HH24:MI:SSXFF'),to_timestamp('24/08/03 09:00:00.000000000','RR/MM/DD HH24:MI:SSXFF'));
Insert into SYSTEM.RESERVATIONS (RESERVATION_ID,USER_ID,RESERVATION_TIME,PARTY_SIZE,STATUS,CREATED_AT,UPDATED_AT) values ('RES004','user4',to_timestamp('24/08/04 21:00:00.000000000','RR/MM/DD HH24:MI:SSXFF'),5,'Confirmed',to_timestamp('24/08/04 11:00:00.000000000','RR/MM/DD HH24:MI:SSXFF'),to_timestamp('24/08/04 11:00:00.000000000','RR/MM/DD HH24:MI:SSXFF'));
Insert into SYSTEM.RESERVATIONS (RESERVATION_ID,USER_ID,RESERVATION_TIME,PARTY_SIZE,STATUS,CREATED_AT,UPDATED_AT) values ('RES005','user5',to_timestamp('24/08/05 17:30:00.000000000','RR/MM/DD HH24:MI:SSXFF'),3,'Confirmed',to_timestamp('24/08/05 13:00:00.000000000','RR/MM/DD HH24:MI:SSXFF'),to_timestamp('24/08/05 13:00:00.000000000','RR/MM/DD HH24:MI:SSXFF'));
Insert into SYSTEM.RESERVATIONS (RESERVATION_ID,USER_ID,RESERVATION_TIME,PARTY_SIZE,STATUS,CREATED_AT,UPDATED_AT) values ('RES006','user6',to_timestamp('24/08/06 20:00:00.000000000','RR/MM/DD HH24:MI:SSXFF'),4,'Pending',to_timestamp('24/08/06 14:00:00.000000000','RR/MM/DD HH24:MI:SSXFF'),to_timestamp('24/08/06 14:00:00.000000000','RR/MM/DD HH24:MI:SSXFF'));
Insert into SYSTEM.RESERVATIONS (RESERVATION_ID,USER_ID,RESERVATION_TIME,PARTY_SIZE,STATUS,CREATED_AT,UPDATED_AT) values ('RES007','user7',to_timestamp('24/08/07 19:15:00.000000000','RR/MM/DD HH24:MI:SSXFF'),7,'Confirmed',to_timestamp('24/08/07 10:00:00.000000000','RR/MM/DD HH24:MI:SSXFF'),to_timestamp('24/08/07 10:00:00.000000000','RR/MM/DD HH24:MI:SSXFF'));
Insert into SYSTEM.RESERVATIONS (RESERVATION_ID,USER_ID,RESERVATION_TIME,PARTY_SIZE,STATUS,CREATED_AT,UPDATED_AT) values ('RES008','user8',to_timestamp('24/08/08 16:00:00.000000000','RR/MM/DD HH24:MI:SSXFF'),2,'Cancelled',to_timestamp('24/08/08 15:00:00.000000000','RR/MM/DD HH24:MI:SSXFF'),to_timestamp('24/08/08 15:00:00.000000000','RR/MM/DD HH24:MI:SSXFF'));
Insert into SYSTEM.RESERVATIONS (RESERVATION_ID,USER_ID,RESERVATION_TIME,PARTY_SIZE,STATUS,CREATED_AT,UPDATED_AT) values ('RES009','user9',to_timestamp('24/08/09 18:30:00.000000000','RR/MM/DD HH24:MI:SSXFF'),3,'Confirmed',to_timestamp('24/08/09 11:00:00.000000000','RR/MM/DD HH24:MI:SSXFF'),to_timestamp('24/08/09 11:00:00.000000000','RR/MM/DD HH24:MI:SSXFF'));
Insert into SYSTEM.RESERVATIONS (RESERVATION_ID,USER_ID,RESERVATION_TIME,PARTY_SIZE,STATUS,CREATED_AT,UPDATED_AT) values ('RES010','user10',to_timestamp('24/08/10 14:00:00.000000000','RR/MM/DD HH24:MI:SSXFF'),5,'Pending',to_timestamp('24/08/10 12:00:00.000000000','RR/MM/DD HH24:MI:SSXFF'),to_timestamp('24/08/10 12:00:00.000000000','RR/MM/DD HH24:MI:SSXFF'));
REM INSERTING into SYSTEM.USERS
SET DEFINE OFF;
Insert into SYSTEM.USERS (USER_ID,USERNAME,PASSWORD,EMAIL,PHONE_NUMBER,ADDRESS,CREATED_AT,UPDATED_AT,GENDER,ADDRESSDETAIL,ROLE) values ('user1','이지은','Abc12345','ji.eun@example.com','010-1234-5678','서울특별시 강남구 테헤란로 123',to_timestamp('24/08/01 12:00:00.000000000','RR/MM/DD HH24:MI:SSXFF'),to_timestamp('24/08/01 12:00:00.000000000','RR/MM/DD HH24:MI:SSXFF'),null,null,'USER');
Insert into SYSTEM.USERS (USER_ID,USERNAME,PASSWORD,EMAIL,PHONE_NUMBER,ADDRESS,CREATED_AT,UPDATED_AT,GENDER,ADDRESSDETAIL,ROLE) values ('user2','김철수','Xy1Z7890','cheolsu.kim@example.com','010-2345-6789','부산광역시 해운대구 센텀로 456',to_timestamp('24/08/02 14:23:00.000000000','RR/MM/DD HH24:MI:SSXFF'),to_timestamp('24/08/02 14:23:00.000000000','RR/MM/DD HH24:MI:SSXFF'),'M',null,'USER');
Insert into SYSTEM.USERS (USER_ID,USERNAME,PASSWORD,EMAIL,PHONE_NUMBER,ADDRESS,CREATED_AT,UPDATED_AT,GENDER,ADDRESSDETAIL,ROLE) values ('user3','박영희','Ht4Vw789','younghee.park@example.com','010-3456-7890','대구광역시 중구 동성로 789',to_timestamp('24/08/03 09:45:00.000000000','RR/MM/DD HH24:MI:SSXFF'),to_timestamp('24/08/03 09:45:00.000000000','RR/MM/DD HH24:MI:SSXFF'),null,null,'USER');
Insert into SYSTEM.USERS (USER_ID,USERNAME,PASSWORD,EMAIL,PHONE_NUMBER,ADDRESS,CREATED_AT,UPDATED_AT,GENDER,ADDRESSDETAIL,ROLE) values ('user4','정민수','Pm5Qr678','minsu.jeong@example.com','010-4567-8901','인천광역시 연수구 송도동 234',to_timestamp('24/08/04 16:30:00.000000000','RR/MM/DD HH24:MI:SSXFF'),to_timestamp('24/08/04 16:30:00.000000000','RR/MM/DD HH24:MI:SSXFF'),null,null,'USER');
Insert into SYSTEM.USERS (USER_ID,USERNAME,PASSWORD,EMAIL,PHONE_NUMBER,ADDRESS,CREATED_AT,UPDATED_AT,GENDER,ADDRESSDETAIL,ROLE) values ('user5','최지훈','Lm6Rs890','jihoon.choi@example.com','010-5678-9012','광주광역시 서구 상무대로 567',to_timestamp('24/08/05 11:15:00.000000000','RR/MM/DD HH24:MI:SSXFF'),to_timestamp('24/08/05 11:15:00.000000000','RR/MM/DD HH24:MI:SSXFF'),null,null,'USER');
Insert into SYSTEM.USERS (USER_ID,USERNAME,PASSWORD,EMAIL,PHONE_NUMBER,ADDRESS,CREATED_AT,UPDATED_AT,GENDER,ADDRESSDETAIL,ROLE) values ('user6','김수정','Zs7Ct123','sujeong.kim@example.com','010-6789-0123','대전광역시 유성구 가정로 890',to_timestamp('24/08/06 18:00:00.000000000','RR/MM/DD HH24:MI:SSXFF'),to_timestamp('24/08/06 18:00:00.000000000','RR/MM/DD HH24:MI:SSXFF'),'M',null,'USER');
Insert into SYSTEM.USERS (USER_ID,USERNAME,PASSWORD,EMAIL,PHONE_NUMBER,ADDRESS,CREATED_AT,UPDATED_AT,GENDER,ADDRESSDETAIL,ROLE) values ('user7','이민호','Js8Wv234','minho.lee@example.com','010-7890-1234','울산광역시 남구 삼산로 345',to_timestamp('24/08/07 07:30:00.000000000','RR/MM/DD HH24:MI:SSXFF'),to_timestamp('24/08/07 07:30:00.000000000','RR/MM/DD HH24:MI:SSXFF'),null,null,'USER');
Insert into SYSTEM.USERS (USER_ID,USERNAME,PASSWORD,EMAIL,PHONE_NUMBER,ADDRESS,CREATED_AT,UPDATED_AT,GENDER,ADDRESSDETAIL,ROLE) values ('user8','장서연','Np9Xy345','seoyeon.jang@example.com','010-8901-2345','경기도 성남시 분당구 정자동 456',to_timestamp('24/08/08 15:20:00.000000000','RR/MM/DD HH24:MI:SSXFF'),to_timestamp('24/08/08 15:20:00.000000000','RR/MM/DD HH24:MI:SSXFF'),null,null,'USER');
Insert into SYSTEM.USERS (USER_ID,USERNAME,PASSWORD,EMAIL,PHONE_NUMBER,ADDRESS,CREATED_AT,UPDATED_AT,GENDER,ADDRESSDETAIL,ROLE) values ('hbhyun3102','황보현','hbhyun3344','hbhyun@naver.com','01090152361','인천 부평구 가재울로 129',to_timestamp('24/08/21 03:45:32.000000000','RR/MM/DD HH24:MI:SSXFF'),to_timestamp('24/08/21 03:45:32.000000000','RR/MM/DD HH24:MI:SSXFF'),'F','한국아파트 999동','SYSTEM');
Insert into SYSTEM.USERS (USER_ID,USERNAME,PASSWORD,EMAIL,PHONE_NUMBER,ADDRESS,CREATED_AT,UPDATED_AT,GENDER,ADDRESSDETAIL,ROLE) values ('user10','오민재','Qu1Yr567','minjae.oh@example.com','010-0123-4567','서울특별시 마포구 월드컵로 789',to_timestamp('24/08/10 08:50:00.000000000','RR/MM/DD HH24:MI:SSXFF'),to_timestamp('24/08/10 08:50:00.000000000','RR/MM/DD HH24:MI:SSXFF'),null,null,'USER');
Insert into SYSTEM.USERS (USER_ID,USERNAME,PASSWORD,EMAIL,PHONE_NUMBER,ADDRESS,CREATED_AT,UPDATED_AT,GENDER,ADDRESSDETAIL,ROLE) values ('3333333333','aaaaaaaaaa','123123','aaaaaaaaaaaaaaaa','aaaaaaaaaaaaa','충북 청주시 청원구 1순환로 42',to_timestamp('24/08/21 00:16:05.000000000','RR/MM/DD HH24:MI:SSXFF'),to_timestamp('24/08/21 00:16:05.000000000','RR/MM/DD HH24:MI:SSXFF'),'M','aaaaa','SYSTEM');
Insert into SYSTEM.USERS (USER_ID,USERNAME,PASSWORD,EMAIL,PHONE_NUMBER,ADDRESS,CREATED_AT,UPDATED_AT,GENDER,ADDRESSDETAIL,ROLE) values ('123123','123','123123','aakimaa28@naver.com','123123','충북 청주시 흥덕구 2순환로 603',to_timestamp('24/08/21 00:21:26.000000000','RR/MM/DD HH24:MI:SSXFF'),to_timestamp('24/08/21 00:21:26.000000000','RR/MM/DD HH24:MI:SSXFF'),'M',null,'SYSTEM');
Insert into SYSTEM.USERS (USER_ID,USERNAME,PASSWORD,EMAIL,PHONE_NUMBER,ADDRESS,CREATED_AT,UPDATED_AT,GENDER,ADDRESSDETAIL,ROLE) values ('snrnsrk','호찬','1234asd','gkgkgk@gmail.com','01077778888','인천 부평구 가재울로 129',to_timestamp('24/08/21 03:04:32.000000000','RR/MM/DD HH24:MI:SSXFF'),to_timestamp('24/08/21 03:04:32.000000000','RR/MM/DD HH24:MI:SSXFF'),'M','동에번쩍 서에번쩍','SYSTEM');
Insert into SYSTEM.USERS (USER_ID,USERNAME,PASSWORD,EMAIL,PHONE_NUMBER,ADDRESS,CREATED_AT,UPDATED_AT,GENDER,ADDRESSDETAIL,ROLE) values ('a','a','123456','a','a','경기 가평군 가평읍 광장로22번길 27-9',to_timestamp('24/08/21 03:21:45.000000000','RR/MM/DD HH24:MI:SSXFF'),to_timestamp('24/08/21 03:21:45.000000000','RR/MM/DD HH24:MI:SSXFF'),'M','a','SYSTEM');
Insert into SYSTEM.USERS (USER_ID,USERNAME,PASSWORD,EMAIL,PHONE_NUMBER,ADDRESS,CREATED_AT,UPDATED_AT,GENDER,ADDRESSDETAIL,ROLE) values ('admin001','김성현','123123','aakimaa28@naver.com','123123','인천',to_timestamp('24/08/19 10:46:13.000000000','RR/MM/DD HH24:MI:SSXFF'),to_timestamp('24/08/19 10:46:13.000000000','RR/MM/DD HH24:MI:SSXFF'),'M','123123','ADMIN');
Insert into SYSTEM.USERS (USER_ID,USERNAME,PASSWORD,EMAIL,PHONE_NUMBER,ADDRESS,CREATED_AT,UPDATED_AT,GENDER,ADDRESSDETAIL,ROLE) values ('qwerqwer','qwer','qwerqwer','qwer','qwer','인천 중구 운서4로 2',to_timestamp('24/08/21 03:17:51.000000000','RR/MM/DD HH24:MI:SSXFF'),to_timestamp('24/08/21 03:17:51.000000000','RR/MM/DD HH24:MI:SSXFF'),'M','qwerqwer','SYSTEM');
Insert into SYSTEM.USERS (USER_ID,USERNAME,PASSWORD,EMAIL,PHONE_NUMBER,ADDRESS,CREATED_AT,UPDATED_AT,GENDER,ADDRESSDETAIL,ROLE) values ('admin002','성현','1rlatjdgus','aakimaa28@naver.com','01082991285','경북 구미시 1공단로 15-41',to_timestamp('24/08/20 00:39:46.000000000','RR/MM/DD HH24:MI:SSXFF'),to_timestamp('24/08/20 00:39:46.000000000','RR/MM/DD HH24:MI:SSXFF'),'M','2동',null);
Insert into SYSTEM.USERS (USER_ID,USERNAME,PASSWORD,EMAIL,PHONE_NUMBER,ADDRESS,CREATED_AT,UPDATED_AT,GENDER,ADDRESSDETAIL,ROLE) values ('kws03337','정은지','123456','kws03337@naver.com','01048169810','인천 부평구 부평동 433-161',to_timestamp('24/08/21 03:41:16.000000000','RR/MM/DD HH24:MI:SSXFF'),to_timestamp('24/08/21 03:41:16.000000000','RR/MM/DD HH24:MI:SSXFF'),'F','202호','SYSTEM');
--------------------------------------------------------
--  DDL for Index CART_PK
--------------------------------------------------------

  CREATE UNIQUE INDEX "SYSTEM"."CART_PK" ON "SYSTEM"."CART" ("CART_ID") 
  PCTFREE 10 INITRANS 2 MAXTRANS 255 COMPUTE STATISTICS 
  STORAGE(INITIAL 65536 NEXT 1048576 MINEXTENTS 1 MAXEXTENTS 2147483645
  PCTINCREASE 0 FREELISTS 1 FREELIST GROUPS 1
  BUFFER_POOL DEFAULT FLASH_CACHE DEFAULT CELL_FLASH_CACHE DEFAULT)
  TABLESPACE "SYSTEM" ;
--------------------------------------------------------
--  DDL for Index CART_ITEMS_PK
--------------------------------------------------------

  CREATE UNIQUE INDEX "SYSTEM"."CART_ITEMS_PK" ON "SYSTEM"."CART_ITEMS" ("CART_ITEM_ID") 
  PCTFREE 10 INITRANS 2 MAXTRANS 255 COMPUTE STATISTICS 
  STORAGE(INITIAL 65536 NEXT 1048576 MINEXTENTS 1 MAXEXTENTS 2147483645
  PCTINCREASE 0 FREELISTS 1 FREELIST GROUPS 1
  BUFFER_POOL DEFAULT FLASH_CACHE DEFAULT CELL_FLASH_CACHE DEFAULT)
  TABLESPACE "SYSTEM" ;
--------------------------------------------------------
--  DDL for Index INQUIRIES_PK
--------------------------------------------------------

  CREATE UNIQUE INDEX "SYSTEM"."INQUIRIES_PK" ON "SYSTEM"."INQUIRIES" ("INQUIRY_ID") 
  PCTFREE 10 INITRANS 2 MAXTRANS 255 COMPUTE STATISTICS 
  STORAGE(INITIAL 65536 NEXT 1048576 MINEXTENTS 1 MAXEXTENTS 2147483645
  PCTINCREASE 0 FREELISTS 1 FREELIST GROUPS 1
  BUFFER_POOL DEFAULT FLASH_CACHE DEFAULT CELL_FLASH_CACHE DEFAULT)
  TABLESPACE "SYSTEM" ;
--------------------------------------------------------
--  DDL for Index MENU_ITEMS_PK
--------------------------------------------------------

  CREATE UNIQUE INDEX "SYSTEM"."MENU_ITEMS_PK" ON "SYSTEM"."MENU_ITEMS" ("ITEM_ID") 
  PCTFREE 10 INITRANS 2 MAXTRANS 255 
  STORAGE(INITIAL 65536 NEXT 1048576 MINEXTENTS 1 MAXEXTENTS 2147483645
  PCTINCREASE 0 FREELISTS 1 FREELIST GROUPS 1
  BUFFER_POOL DEFAULT FLASH_CACHE DEFAULT CELL_FLASH_CACHE DEFAULT)
  TABLESPACE "SYSTEM" ;
--------------------------------------------------------
--  DDL for Index SYS_C008402
--------------------------------------------------------

  CREATE UNIQUE INDEX "SYSTEM"."SYS_C008402" ON "SYSTEM"."ORDER_ITEMS" ("ORDER_ITEM_ID") 
  PCTFREE 10 INITRANS 2 MAXTRANS 255 
  STORAGE(INITIAL 65536 NEXT 1048576 MINEXTENTS 1 MAXEXTENTS 2147483645
  PCTINCREASE 0 FREELISTS 1 FREELIST GROUPS 1
  BUFFER_POOL DEFAULT FLASH_CACHE DEFAULT CELL_FLASH_CACHE DEFAULT)
  TABLESPACE "SYSTEM" ;
--------------------------------------------------------
--  DDL for Index SYS_C008407
--------------------------------------------------------

  CREATE UNIQUE INDEX "SYSTEM"."SYS_C008407" ON "SYSTEM"."ORDERS" ("ORDER_ID") 
  PCTFREE 10 INITRANS 2 MAXTRANS 255 
  STORAGE(INITIAL 65536 NEXT 1048576 MINEXTENTS 1 MAXEXTENTS 2147483645
  PCTINCREASE 0 FREELISTS 1 FREELIST GROUPS 1
  BUFFER_POOL DEFAULT FLASH_CACHE DEFAULT CELL_FLASH_CACHE DEFAULT)
  TABLESPACE "SYSTEM" ;
--------------------------------------------------------
--  DDL for Index RESERVATIONS_PK
--------------------------------------------------------

  CREATE UNIQUE INDEX "SYSTEM"."RESERVATIONS_PK" ON "SYSTEM"."RESERVATIONS" ("RESERVATION_ID") 
  PCTFREE 10 INITRANS 2 MAXTRANS 255 COMPUTE STATISTICS 
  STORAGE(INITIAL 65536 NEXT 1048576 MINEXTENTS 1 MAXEXTENTS 2147483645
  PCTINCREASE 0 FREELISTS 1 FREELIST GROUPS 1
  BUFFER_POOL DEFAULT FLASH_CACHE DEFAULT CELL_FLASH_CACHE DEFAULT)
  TABLESPACE "SYSTEM" ;
--------------------------------------------------------
--  DDL for Index SYS_C008382
--------------------------------------------------------

  CREATE UNIQUE INDEX "SYSTEM"."SYS_C008382" ON "SYSTEM"."USERS" ("USER_ID") 
  PCTFREE 10 INITRANS 2 MAXTRANS 255 
  STORAGE(INITIAL 65536 NEXT 1048576 MINEXTENTS 1 MAXEXTENTS 2147483645
  PCTINCREASE 0 FREELISTS 1 FREELIST GROUPS 1
  BUFFER_POOL DEFAULT FLASH_CACHE DEFAULT CELL_FLASH_CACHE DEFAULT)
  TABLESPACE "SYSTEM" ;
--------------------------------------------------------
--  DDL for Index SYS_C008383
--------------------------------------------------------

  CREATE UNIQUE INDEX "SYSTEM"."SYS_C008383" ON "SYSTEM"."USERS" ("USERNAME") 
  PCTFREE 10 INITRANS 2 MAXTRANS 255 
  STORAGE(INITIAL 65536 NEXT 1048576 MINEXTENTS 1 MAXEXTENTS 2147483645
  PCTINCREASE 0 FREELISTS 1 FREELIST GROUPS 1
  BUFFER_POOL DEFAULT FLASH_CACHE DEFAULT CELL_FLASH_CACHE DEFAULT)
  TABLESPACE "SYSTEM" ;
--------------------------------------------------------
--  Constraints for Table CART
--------------------------------------------------------

  ALTER TABLE "SYSTEM"."CART" MODIFY ("CART_ID" NOT NULL ENABLE);
  ALTER TABLE "SYSTEM"."CART" MODIFY ("USER_ID" NOT NULL ENABLE);
  ALTER TABLE "SYSTEM"."CART" ADD CONSTRAINT "CART_PK" PRIMARY KEY ("CART_ID")
  USING INDEX PCTFREE 10 INITRANS 2 MAXTRANS 255 COMPUTE STATISTICS 
  STORAGE(INITIAL 65536 NEXT 1048576 MINEXTENTS 1 MAXEXTENTS 2147483645
  PCTINCREASE 0 FREELISTS 1 FREELIST GROUPS 1
  BUFFER_POOL DEFAULT FLASH_CACHE DEFAULT CELL_FLASH_CACHE DEFAULT)
  TABLESPACE "SYSTEM"  ENABLE;
--------------------------------------------------------
--  Constraints for Table CART_ITEMS
--------------------------------------------------------

  ALTER TABLE "SYSTEM"."CART_ITEMS" MODIFY ("CART_ITEM_ID" NOT NULL ENABLE);
  ALTER TABLE "SYSTEM"."CART_ITEMS" MODIFY ("QUANTITY" NOT NULL ENABLE);
  ALTER TABLE "SYSTEM"."CART_ITEMS" MODIFY ("PRICE" NOT NULL ENABLE);
  ALTER TABLE "SYSTEM"."CART_ITEMS" MODIFY ("CART_ID" NOT NULL ENABLE);
  ALTER TABLE "SYSTEM"."CART_ITEMS" MODIFY ("ITEM_ID" NOT NULL ENABLE);
  ALTER TABLE "SYSTEM"."CART_ITEMS" ADD CONSTRAINT "CART_ITEMS_PK" PRIMARY KEY ("CART_ITEM_ID")
  USING INDEX PCTFREE 10 INITRANS 2 MAXTRANS 255 COMPUTE STATISTICS 
  STORAGE(INITIAL 65536 NEXT 1048576 MINEXTENTS 1 MAXEXTENTS 2147483645
  PCTINCREASE 0 FREELISTS 1 FREELIST GROUPS 1
  BUFFER_POOL DEFAULT FLASH_CACHE DEFAULT CELL_FLASH_CACHE DEFAULT)
  TABLESPACE "SYSTEM"  ENABLE;
--------------------------------------------------------
--  Constraints for Table INQUIRIES
--------------------------------------------------------

  ALTER TABLE "SYSTEM"."INQUIRIES" MODIFY ("INQUIRY_ID" NOT NULL ENABLE);
  ALTER TABLE "SYSTEM"."INQUIRIES" MODIFY ("USER_ID" NOT NULL ENABLE);
  ALTER TABLE "SYSTEM"."INQUIRIES" MODIFY ("NAME" NOT NULL ENABLE);
  ALTER TABLE "SYSTEM"."INQUIRIES" MODIFY ("EMAIL" NOT NULL ENABLE);
  ALTER TABLE "SYSTEM"."INQUIRIES" MODIFY ("MESSAGE" NOT NULL ENABLE);
  ALTER TABLE "SYSTEM"."INQUIRIES" ADD CONSTRAINT "INQUIRIES_PK" PRIMARY KEY ("INQUIRY_ID")
  USING INDEX PCTFREE 10 INITRANS 2 MAXTRANS 255 COMPUTE STATISTICS 
  STORAGE(INITIAL 65536 NEXT 1048576 MINEXTENTS 1 MAXEXTENTS 2147483645
  PCTINCREASE 0 FREELISTS 1 FREELIST GROUPS 1
  BUFFER_POOL DEFAULT FLASH_CACHE DEFAULT CELL_FLASH_CACHE DEFAULT)
  TABLESPACE "SYSTEM"  ENABLE;
--------------------------------------------------------
--  Constraints for Table MENU_ITEMS
--------------------------------------------------------

  ALTER TABLE "SYSTEM"."MENU_ITEMS" MODIFY ("ITEM_ID" NOT NULL ENABLE);
  ALTER TABLE "SYSTEM"."MENU_ITEMS" MODIFY ("NAME" NOT NULL ENABLE);
  ALTER TABLE "SYSTEM"."MENU_ITEMS" MODIFY ("PRICE" NOT NULL ENABLE);
  ALTER TABLE "SYSTEM"."MENU_ITEMS" ADD CONSTRAINT "MENU_ITEMS_PK" PRIMARY KEY ("ITEM_ID")
  USING INDEX PCTFREE 10 INITRANS 2 MAXTRANS 255 
  STORAGE(INITIAL 65536 NEXT 1048576 MINEXTENTS 1 MAXEXTENTS 2147483645
  PCTINCREASE 0 FREELISTS 1 FREELIST GROUPS 1
  BUFFER_POOL DEFAULT FLASH_CACHE DEFAULT CELL_FLASH_CACHE DEFAULT)
  TABLESPACE "SYSTEM"  ENABLE;
--------------------------------------------------------
--  Constraints for Table ORDER_ITEMS
--------------------------------------------------------

  ALTER TABLE "SYSTEM"."ORDER_ITEMS" MODIFY ("ORDER_ITEM_ID" NOT NULL ENABLE);
  ALTER TABLE "SYSTEM"."ORDER_ITEMS" MODIFY ("QUANTITY" NOT NULL ENABLE);
  ALTER TABLE "SYSTEM"."ORDER_ITEMS" MODIFY ("PRICE" NOT NULL ENABLE);
  ALTER TABLE "SYSTEM"."ORDER_ITEMS" ADD PRIMARY KEY ("ORDER_ITEM_ID")
  USING INDEX PCTFREE 10 INITRANS 2 MAXTRANS 255 
  STORAGE(INITIAL 65536 NEXT 1048576 MINEXTENTS 1 MAXEXTENTS 2147483645
  PCTINCREASE 0 FREELISTS 1 FREELIST GROUPS 1
  BUFFER_POOL DEFAULT FLASH_CACHE DEFAULT CELL_FLASH_CACHE DEFAULT)
  TABLESPACE "SYSTEM"  ENABLE;
--------------------------------------------------------
--  Constraints for Table ORDERS
--------------------------------------------------------

  ALTER TABLE "SYSTEM"."ORDERS" MODIFY ("ORDER_ID" NOT NULL ENABLE);
  ALTER TABLE "SYSTEM"."ORDERS" MODIFY ("USER_ID" NOT NULL ENABLE);
  ALTER TABLE "SYSTEM"."ORDERS" MODIFY ("ORDER_TIME" NOT NULL ENABLE);
  ALTER TABLE "SYSTEM"."ORDERS" MODIFY ("TOTAL_AMOUNT" NOT NULL ENABLE);
  ALTER TABLE "SYSTEM"."ORDERS" ADD PRIMARY KEY ("ORDER_ID")
  USING INDEX PCTFREE 10 INITRANS 2 MAXTRANS 255 
  STORAGE(INITIAL 65536 NEXT 1048576 MINEXTENTS 1 MAXEXTENTS 2147483645
  PCTINCREASE 0 FREELISTS 1 FREELIST GROUPS 1
  BUFFER_POOL DEFAULT FLASH_CACHE DEFAULT CELL_FLASH_CACHE DEFAULT)
  TABLESPACE "SYSTEM"  ENABLE;
--------------------------------------------------------
--  Constraints for Table RESERVATIONS
--------------------------------------------------------

  ALTER TABLE "SYSTEM"."RESERVATIONS" MODIFY ("RESERVATION_ID" NOT NULL ENABLE);
  ALTER TABLE "SYSTEM"."RESERVATIONS" MODIFY ("RESERVATION_TIME" NOT NULL ENABLE);
  ALTER TABLE "SYSTEM"."RESERVATIONS" MODIFY ("PARTY_SIZE" NOT NULL ENABLE);
  ALTER TABLE "SYSTEM"."RESERVATIONS" ADD CONSTRAINT "RESERVATIONS_PK" PRIMARY KEY ("RESERVATION_ID")
  USING INDEX PCTFREE 10 INITRANS 2 MAXTRANS 255 COMPUTE STATISTICS 
  STORAGE(INITIAL 65536 NEXT 1048576 MINEXTENTS 1 MAXEXTENTS 2147483645
  PCTINCREASE 0 FREELISTS 1 FREELIST GROUPS 1
  BUFFER_POOL DEFAULT FLASH_CACHE DEFAULT CELL_FLASH_CACHE DEFAULT)
  TABLESPACE "SYSTEM"  ENABLE;
--------------------------------------------------------
--  Constraints for Table USERS
--------------------------------------------------------

  ALTER TABLE "SYSTEM"."USERS" ADD PRIMARY KEY ("USER_ID")
  USING INDEX PCTFREE 10 INITRANS 2 MAXTRANS 255 
  STORAGE(INITIAL 65536 NEXT 1048576 MINEXTENTS 1 MAXEXTENTS 2147483645
  PCTINCREASE 0 FREELISTS 1 FREELIST GROUPS 1
  BUFFER_POOL DEFAULT FLASH_CACHE DEFAULT CELL_FLASH_CACHE DEFAULT)
  TABLESPACE "SYSTEM"  ENABLE;
  ALTER TABLE "SYSTEM"."USERS" ADD UNIQUE ("USERNAME")
  USING INDEX PCTFREE 10 INITRANS 2 MAXTRANS 255 
  STORAGE(INITIAL 65536 NEXT 1048576 MINEXTENTS 1 MAXEXTENTS 2147483645
  PCTINCREASE 0 FREELISTS 1 FREELIST GROUPS 1
  BUFFER_POOL DEFAULT FLASH_CACHE DEFAULT CELL_FLASH_CACHE DEFAULT)
  TABLESPACE "SYSTEM"  ENABLE;
  ALTER TABLE "SYSTEM"."USERS" MODIFY ("USERNAME" NOT NULL ENABLE);
  ALTER TABLE "SYSTEM"."USERS" MODIFY ("PASSWORD" NOT NULL ENABLE);
  ALTER TABLE "SYSTEM"."USERS" MODIFY ("EMAIL" NOT NULL ENABLE);
  ALTER TABLE "SYSTEM"."USERS" MODIFY ("PHONE_NUMBER" NOT NULL ENABLE);
  ALTER TABLE "SYSTEM"."USERS" MODIFY ("ADDRESS" NOT NULL ENABLE);
  ALTER TABLE "SYSTEM"."USERS" MODIFY ("CREATED_AT" NOT NULL ENABLE);
  ALTER TABLE "SYSTEM"."USERS" MODIFY ("UPDATED_AT" NOT NULL ENABLE);
  ALTER TABLE "SYSTEM"."USERS" ADD CONSTRAINT "GENDER_CHECK" CHECK (gender IN ('M', 'F')) ENABLE;
